"0","geno_coords <- inner_join(genotypes, coords, by = c(""Tree"" = ""Tree""))"
"2","Warning in inner_join(genotypes, coords, by = c(Tree = ""Tree"")) :"
"2","
 "
"2"," [38;5;251mDetected an unexpected many-to-many relationship between `x` and `y`.
[36mâ„¹[38;5;251m Row 516 of `x` matches multiple rows in `y`.
[36mâ„¹[38;5;251m Row 3 of `y` matches multiple rows in `x`.
[36mâ„¹[38;5;251m If a many-to-many relationship is expected, set `relationship = ""many-to-many""` to silence this warning.[39m
"
"0","dim(geno_coords)"
"1","[1]"
"1"," 1623"
"1","   31"
"1","
"
